phenomenon,sentence1,sentence2,trigger,target,competitor
copa,My view of the movie screen was blocked.,,,A tall person was sitting in front of me.,The couple behind me was whispering.
copa,The sick child coughed on his friend.,,,His friend got sick.,His friend sneezed.
copa,The woman was arrested.,,,She committed assault.,She checked into rehab.
copa,The woman lavished her friend with flattery.,,,She wanted to ask her friend for a favor.,She was irritated with her friend's whining.
copa,The student forgot to do her assignment.,,,She made up an excuse to tell the teacher.,The teacher promoted her to the next grade.
copa,The friends decided to share the hamburger.,,,They cut the hamburger in half.,They ordered fries with the hamburger.
copa,The man won the lottery.,,,He became rich.,He owed money.
copa,The horse bucked.,,,A fly bit the horse.,The rider stroked the horse.
copa,The woman was in a bad mood.,,,She told her friend to leave her alone.,She engaged in small talk with her friend.
copa,The woman ran her finger under cold water.,,,She burned her finger on the toaster.,She put a diamond ring on her finger.
copa,The airline mishandled my luggage.,,,They offered me compensation.,They cancelled my flight.
copa,I spent the day at the pool.,,,My face got sunburned.,I sprained my ankle.
copa,I tidied up my house.,,,I was expecting company.,I was swamped with work.
copa,The pair of students came under scrutiny by the teacher.,,,Their responses on the assignment were identical.,The students both received excellent grades.
copa,The judge pounded the gavel.,,,The courtroom broke into uproar.,The jury announced its verdict.
copa,The man received a parking ticket.,,,The parking meter expired.,He parallel parked on the street.
copa,I put my hands under the running faucet.,,,The soap rinsed off my hands.,The water splashed in my face.
copa,The journalist wrote a biography about the humanitarian's life.,,,The journalist was intrigued by the humanitarian's work.,The humanitarian was difficult for the journalist to interview.
copa,The man confessed his love for the woman.,,,The woman rejected him.,The woman envied him.
copa,The man grew old.,,,His hair turned gray.,He sold his belongings.
copa,The tree branch landed in the river.,,,The branch moved downstream.,The river's current became stronger.
copa,I pushed the wagon.,,,The wagon wheels spun forward.,The objects in the wagon fell out.
copa,The man lost the competition.,,,The competition was sabotaged.,He intimidated his competitors.
copa,I regained composure from my fit of anger.,,,I took deep breaths.,My heart pounded.
copa,The dog barked.,,,A knock sounded at the door.,The cat lounged on the couch.
copa,The clock chimed.,,,It was the top of the hour.,The hour seemed to drag on.
copa,The driver slammed on his brakes.,,,A deer appeared on the road.,The car radio shut off.
copa,I coughed.,,,I inhaled smoke.,I lowered my voice.
copa,The woman contacted the real estate agent.,,,The woman planned to buy a condo.,The woman needed to clean her house.
copa,The bowling ball knocked over the bowling pins.,,,The man rolled the bowling ball down the alley.,The man dropped the bowling ball on his foot.
copa,My skin broke out into a rash.,,,I brushed against poison ivy in my yard.,I eradicated the poison ivy from my yard.
copa,The chef hit the egg on the side of the bowl.,,,The egg cracked.,The egg rotted.
copa,The cook's eyes watered.,,,He cut an onion.,He ran out of onions.
copa,The girl wanted to wear earrings.,,,She got her ears pierced.,She got a tattoo.
copa,The driver got a flat tire.,,,He ran over a nail.,He went over the speed limit.
copa,The couple was happy to see each other.,,,They kissed.,They rested.
copa,The politician was convicted of fraud.,,,He was removed from office.,He campaigned for re-election.
copa,I twisted the cap off the soda bottle.,,,The soda fizzed.,The soda leaked out.
copa,The lobbyist persuaded the legislature to support the bill.,,,The legislature passed the bill.,The president vetoed the bill.
copa,The key was missing from my pants pocket.,,,The pocket had a hole.,The pants were new.
copa,I stayed up late.,,,I was tired in the morning.,I had vivid dreams that night.
copa,I doubted the salesman's pitch.,,,I turned his offer down.,He persuaded me to buy the product.
copa,The man perceived that the woman looked different.,,,The woman got her hair cut.,The woman wore a bracelet.
copa,The secretary put the caller on hold.,,,The caller waited on the line.,The caller's phone lost reception.
copa,My computer crashed.,,,I lost all my data.,I installed new speakers.
copa,The police searched the offender's car.,,,They were looking for illegal drugs.,They were trying to elicit a confession.
copa,I lit the candle.,,,Wax dripped off the candle.,The wax on the candle hardened.
copa,I pressed my hand into the wet cement.,,,My handprint dried in the cement.,Cracks emerged in the cement.
copa,The woman read the newspaper.,,,She discovered the outcome of the election.,She casted a vote in the election.
copa,The student was in a rush to get to school on time.,,,He left his assignment at home.,He brought his lunch to school.
copa,The woman's hair fell in her face.,,,She pulled her hair back with a clip.,She lathered shampoo into her hair.
copa,The man's pocket jingled as he walked.,,,His pocket was filled with coins.,He sewed the hole in his pocket.
copa,The man drank heavily at the party.,,,He had a headache the next day.,He had a runny nose the next day.
copa,The boy threw a temper tantrum.,,,His brother took his toys from him.,He shared his toys with his brother.
copa,The student misspelled the word.,,,The teacher corrected her.,The teacher dismissed her.
copa,My subscription to the magazine expired.,,,I stopped receiving new issues.,I discarded the new issue.
copa,The woman resigned from her job.,,,She believed her superiors were acting unethically.,She aspired to hold an executive position in the firm.
copa,The woman became famous.,,,Photographers followed her.,Her family avoided her.
copa,Plans were announced to replace a local park with a shopping mall.,,,Environmentalists started a petition.,Environmentalists produced a documentary.
copa,I put rubber gloves on.,,,I was preparing to clean the bathroom.,I was preparing to wash my hands.
copa,The seasons changed from summer to autumn.,,,Leaves fell from the trees.,People evacuated their homes.
copa,The woman covered her mouth with her hand.,,,She sneezed.,She exhaled.
copa,The woman banished the children from her property.,,,The children trampled through her garden.,The children hit a ball into her yard.
copa,The girl refused to eat her vegetables.,,,Her father took away her dessert.,Her father told her to drink her milk.
copa,The boy skipped dinner.,,,He ate a big lunch.,His mother cooked his favorite meal.
copa,The ring on my finger got stuck.,,,My finger swelled.,I chipped my fingernail.
copa,The bride got cold feet before the wedding.,,,She called the wedding off.,The wedding guests brought gifts.
copa,The couple travelled south for the winter.,,,They were retired.,They were separated.
copa,Everyone in the class turned to stare at the student.,,,The student's phone rang.,The student took notes.
copa,The man dressed in his best suit.,,,He scheduled a meeting with an important client.,His wife bought him a new tie.
copa,The computer was expensive to fix.,,,I bought a new one.,I got it repaired.
copa,The animal species became endangered.,,,Their habitat was destroyed.,Their predators went extinct.
copa,The lock opened.,,,I turned the key in the lock.,I made a duplicate of the key.
copa,The man turned on the faucet.,,,Water flowed from the spout.,The toilet filled with water.
copa,The man felt obligated to attend the event.,,,He promised his friend that he would go.,He turned down his friend's invitation to go.
copa,The community learned of the man's death.,,,His obituary appeared in the newspaper.,His family buried him in the cemetery.
copa,The teacher assigned homework to the students.,,,The students groaned.,The students passed notes.
copa,The couple got engaged.,,,They planned a wedding.,They took some time apart.
copa,The man defied the authorities of the church.,,,He was excommunicated from the church.,He donated money to the church.
copa,The kidnappers released the hostage.,,,They accepted ransom money.,They escaped from jail.
copa,Political violence broke out in the nation.,,,Many citizens took refuge in other territories.,Many citizens relocated to the capitol.
copa,I wanted to conserve energy.,,,I shut off the light in the unoccupied room.,I swept the floor in the unoccupied room.
copa,The flame on the candle went out.,,,I blew on the wick.,I put a match to the wick.
copa,My closet was messy.,,,I organized it.,I decorated it.
copa,The woman retired.,,,She received her pension.,She paid off her mortgage.
copa,I pulled the rubber band.,,,It stretched.,It flung across the room.
copa,The child learned how to read.,,,He began attending school.,He skipped a grade in school.
copa,The mother called an ambulance.,,,Her son fell out of his bed.,Her son lost his cat.
copa,I decided to stay home for the night.,,,The forecast called for storms.,My friends urged me to go out.
copa,The driver turned on the car's headlights.,,,The sun went down.,He heard thunder.
copa,My ears were ringing.,,,I went to a concert.,I went to a museum.
copa,My eyes became red and puffy.,,,I was sobbing.,I was laughing.
copa,The woman walked with crutches.,,,She broke her leg.,She shaved her legs.
copa,The woman asked the man to leave.,,,He insulted her.,He thanked her.
copa,The hamburger meat browned.,,,The cook grilled it.,The cook froze it.
copa,The jewelry thieves were caught.,,,The stolen jewelry was returned to its owners.,The cost of the stolen jewelry was calculated.
copa,The player caught the ball.,,,Her teammate threw it to her.,Her opponent tried to intercept it.
copa,The detective revealed an anomaly in the case.,,,He scrapped his theory.,He finalized his theory.
copa,The girl found a bug in her cereal.,,,She lost her appetite.,She poured milk in the bowl.
copa,The man fainted.,,,He ran a marathon.,He took a nap.
